文件號碼,保險人姓名,註冊地點,業務類型,主要在香港業務,聯絡電話,傳真號碼,官方網站地址,電郵地址,注冊登記,
97687,農銀國際保險有限公司,中國香港,一般,香港金鐘紅棉道8號東昌大廈5樓,2511 1001,2522 5126,http://cafinsurance.com.hk/,abcii.ca@abci.com.hk,https://www.ia.org.hk/tc/supervision/reg_insurers_lloyd/files/97687.pdf,
55631,美國安泰保險(香港)有限公司,中國香港,一般,香港鰂魚涌華蘭路25號栢克大廈401-403室,2860 8011,2147 9960,www.aetnainternational.com/,Kevin.jones@aetna.com,https://www.ia.org.hk/tc/supervision/reg_insurers_lloyd/files/55631.pdf,
2047,友邦保險有限公司,中國香港,綜合,香港灣仔皇后大道東183號合和中心53樓5301-03室,2832 1800,2572 4695,www.aia.com.hk,---,https://www.ia.org.hk/tc/supervision/reg_insurers_lloyd/files/2047.pdf,
F984,友邦保險(國際)有限公司,百慕達,綜合,香港鰂魚涌英皇道734號友邦香港大樓1樓,2881 3333<br>2232 8888,2882 4592,www.aia.com.hk,---,https://www.ia.org.hk/tc/supervision/reg_insurers_lloyd/files/F984.pdf,
2143,美亞保險香港有限公司,中國香港,一般,香港港島東華蘭路18號港島東中心7樓,3555 0000,2834 5676,www.aig.com.hk,cs.hk@aig.com,https://www.ia.org.hk/tc/supervision/reg_insurers_lloyd/files/2143.pdf,
F18771,Allianz Global Corporate & Specialty SE,德國,一般,香港太古城太古灣道12號4樓403-11室,2521 6651,2810 6191,www.agcs.allianz.com,---,https://www.ia.org.hk/tc/supervision/reg_insurers_lloyd/files/F18771.pdf,
F16570,世聯保險有限公司,百慕達,一般,香港鰂魚涌太古坊華蘭路18號港島東中心22樓,2968 3000,2968 5111,www.awac.com,hkhotline@awac.com,https://www.ia.org.hk/tc/supervision/reg_insurers_lloyd/files/F16570.pdf,
F1519,American Family Life Assurance Company of Columbus,美國,長期,香港筲箕灣興民街68號海天廣場706室,2573 3100,2967 8691,aflac.com,cs@aflac.hk,https://www.ia.org.hk/tc/supervision/reg_insurers_lloyd/files/F1519.pdf,
1006152,安持按揭保險亞洲有限公司,中國香港,一般,香港灣仔軒尼斯道256號THE HENNESSY 16樓,3405 6600,2506 1291,---,tm.chung@aig.com,https://www.ia.org.hk/tc/supervision/reg_insurers_lloyd/files/1006152.pdf,
F16077,亞洲資本再保險集團私人有限公司,新加坡,一般 (R),香港銅鑼灣希慎道18號利園五期17樓1701室,2189 7662,2189 7663,www.asiacapitalre.com,general_hk@asiacapitalre.com,https://www.ia.org.hk/tc/supervision/reg_insurers_lloyd/files/F16077.pdf,
5589,亞洲保險有限公司,中國香港,綜合,香港中環德輔道中十九號環球大廈十六樓,3606 9933,2810 0218,www.asiainsurance.com.hk,mailbox@afh.hk,https://www.ia.org.hk/tc/supervision/reg_insurers_lloyd/files/5589.pdf,
F14753,亚太财产保险有限公司<br>(亞太財產保險有限公司),中國,一般,香港九龍觀塘觀塘道三七八號創紀之城二期<br>十三樓1303-1305室,2165 9200,2881 8463,www.apiins.com,waikunlee@apiins.com,https://www.ia.org.hk/tc/supervision/reg_insurers_lloyd/files/F14753.pdf,
F1971,Assicurazioni Generali Società per Azioni,意大利,綜合,香港皇后大道東8號忠意保險大廈5樓,2521 0707,2521 8018,www.generali.com.hk,info@generali.com.hk,https://www.ia.org.hk/tc/supervision/reg_insurers_lloyd/files/F1971.pdf,
F15058,Assuranceforeningen Gard-gjensidig -,挪威,一般,中環雲咸街六十號中央廣場三十樓 三OO三A室,2901 8688,---,---,limy.leung@gard.no,https://www.ia.org.hk/tc/supervision/reg_insurers_lloyd/files/F15058.pdf,
F19967,Assuranceforeningen SKULD (Gjensidig),挪威,一般,香港灣仔港灣道26號華潤大廈41樓4106-4108室,2836 3909,2836 3219,www.skuld.com,uw.hkg@skuld.com,https://www.ia.org.hk/tc/supervision/reg_insurers_lloyd/files/F19967.pdf,
F22446,Atradius Crédito y Caución SA de Seguros y Reaseguros,西班牙,一般,香港灣仔港灣道18號中環廣場4306室,3657 0700,2511 4427,atradius.com.hk,eric.den.boogert@atradius.com,https://www.ia.org.hk/tc/supervision/reg_insurers_lloyd/files/F22446.pdf,
706970,英傑華人壽保險有限公司,中國香港,長期,"香港九龍灣宏遠街1號""一號九龍""30樓",3550 9600,2907 1787,www.aviva.com.hk,enquiry@aviva-asia.com,https://www.ia.org.hk/tc/supervision/reg_insurers_lloyd/files/706970.pdf,
2647884,安我保險有限公司,中國香港,一般 (F),香港西營盤德輔道西160號5樓,2865 0466,---,www.heyavo.com,info@heyavo.com,https://www.ia.org.hk/tc/supervision/reg_insurers_lloyd/files/2647884.pdf,
F1964,安盛保險(百慕達)有限公司,百慕達,綜合,香港黃竹坑香葉道28號嘉尚匯20樓,2802 2812,2598 7623,www.axa.com.hk,customer.services@axa.com.hk,https://www.ia.org.hk/tc/supervision/reg_insurers_lloyd/files/F1964.pdf,
6165,安盛金融有限公司,中國香港,綜合,香港黃竹坑香葉道28號嘉尚匯20樓,2802 2812,2598 7623,www.axa.com.hk,customer.services@axa.com.hk,https://www.ia.org.hk/tc/supervision/reg_insurers_lloyd/files/6165.pdf,
2251,安盛保險有限公司,中國香港,一般,香港黃竹坑香葉道28號嘉尚匯20樓,2523 3061,2810 0706,www.axa.com.hk,axagi@axa.com.hk,https://www.ia.org.hk/tc/supervision/reg_insurers_lloyd/files/2251.pdf,
668,AXA Life Insurance Company Limited,中國香港,綜合,香港黃竹坑香葉道28號嘉尚匯20樓,2802 2812,2598 7623,www.axa.com.hk,customer.services@axa.com.hk,https://www.ia.org.hk/tc/supervision/reg_insurers_lloyd/files/668.pdf,
912216,安盛財富管理(香港)有限公司,中國香港,長期,香港黃竹坑香葉道28號嘉尚匯20樓,2802 2812,2598 7623,www.axa.com.hk,customer.services@axa.com.hk,https://www.ia.org.hk/tc/supervision/reg_insurers_lloyd/files/912216.pdf,
42822,中銀集團保險有限公司,中國香港,一般,香港中環德輔道中71號永安集團大廈9樓,2867 0888,2522 1705,www.bocgins.com,Info_ins@bocgroup.com,https://www.ia.org.hk/tc/supervision/reg_insurers_lloyd/files/42822.pdf,
734952,銀和再保險有限公司,中國香港,一般 (R),香港灣仔告士打道77-79號富通大廈2902室,2522 5331,2525 1802,---,vcheng@bcre.com.hk,https://www.ia.org.hk/tc/supervision/reg_insurers_lloyd/files/734952.pdf,
2092511,永和再保險有限公司,中國香港,一般 (R),香港灣仔告士打道77-79號富通大廈2903室,3761 7700,2877 2415,---,general@bere.com.hk,https://www.ia.org.hk/tc/supervision/reg_insurers_lloyd/files/2092511.pdf,
1082184,東亞人壽保險有限公司,中國香港,長期,香港九龍觀塘道418號<br>創紀之城5期東亞銀行中心29樓,3608 2888,3608 2938,---,cs@bealife.com.hk,https://www.ia.org.hk/tc/supervision/reg_insurers_lloyd/files/1082184.pdf,
F14470,Berkley Insurance Company,美國,一般,香港灣仔皇后大道東183號合和中心44樓4407室,3708 5000,2802 2131,www.wrbc.com,---,https://www.ia.org.hk/tc/supervision/reg_insurers_lloyd/files/F14470.pdf,
F20823,Berkshire Hathaway Specialty Insurance Company,美國,一般,香港港島東太古坊德宏大廈21樓2106-10室,3729 1300,---,www.bhspecialty.com,yoland.hy.chan@bhspecialty.com,https://www.ia.org.hk/tc/supervision/reg_insurers_lloyd/files/F20823.pdf,
18845,藍十字(亞太)保險有限公司,中國香港,綜合,香港九龍觀塘道418號創紀之城5期<br>東亞銀行中心29樓,3608 2888,3608 2938,www.bluecross.com.hk,cs@bluecross.com.hk,https://www.ia.org.hk/tc/supervision/reg_insurers_lloyd/files/18845.pdf,
598539,中銀集團人壽保險有限公司,中國香港,長期,香港太古城英皇道1111號太古城中心第1期13樓及17樓1705-1712室,2160 8800,2866 0938,www.boclife.com.hk,enquiry@boclife.com.hk,https://www.ia.org.hk/tc/supervision/reg_insurers_lloyd/files/598539.pdf,
2613802,保泰人壽保險有限公司,中國香港,長期 (F),香港觀塘偉業街180號26樓GP18室,2152 0632,---,www.bowtie.com.hk,hello@bowtie.com.hk,https://www.ia.org.hk/tc/supervision/reg_insurers_lloyd/files/2613802.pdf,
F24426,Britannia Steam Ship Insurance Association Limited - The,英國,一般,香港鰂魚涌英皇道728號K11 ATELIER King's Road 21樓09至12室,3952 0600,2529 7435,britanniapandi.com,britanniahk@tindallriley.com,https://www.ia.org.hk/tc/supervision/reg_insurers_lloyd/files/F24426.pdf,
103048,保柏(亞洲)有限公司,中國香港,一般,香港鰂魚涌華蘭路25號栢克大廈18樓,2517 5175,2857 4324,www.bupa.com.hk,contactus@bupa.com.hk,https://www.ia.org.hk/tc/supervision/reg_insurers_lloyd/files/103048.pdf,
51758,加洲保險有限公司,中國香港,一般,香港德輔道中141號中保集團大廈1607-8室,2545 5877,2541 4454,---,business@california.com.hk,https://www.ia.org.hk/tc/supervision/reg_insurers_lloyd/files/51758.pdf,
F2053,Canada Life Assurance Company - The,加拿大,長期,香港灣仔港灣道6-8號瑞安中心21樓2109-11室,2827 1288,2827 0860,---,hongkongserv@canadalife.com.hk,https://www.ia.org.hk/tc/supervision/reg_insurers_lloyd/files/F2053.pdf,
F2986,Canada Life Limited,英國,長期,九龍觀塘偉業街223-231號宏利金融中心22樓,2510 5600,2510 0246,www.manulife.com.hk,service_hk@manulife.com,https://www.ia.org.hk/tc/supervision/reg_insurers_lloyd/files/F2986.pdf,
1478758,中廣核保險有限公司,中國香港,一般 (C),香港灣仔港灣道18號中環廣場55樓5505室,2185 6570,2185 6583,---,liujiren@cgnpc.com.cn,https://www.ia.org.hk/tc/supervision/reg_insurers_lloyd/files/1478758.pdf,
550604,其士保險有限公司,中國香港,一般,香港九龍灣宏開道8號其士商業中心22字樓,2312 1818,2312 0818,---,insurance@chevalier.com,https://www.ia.org.hk/tc/supervision/reg_insurers_lloyd/files/550604.pdf,
736500,中國交銀保險有限公司,中國香港,一般,香港中環紅棉路8號東昌大廈18樓,2591 2938,2831 9192 <br>2572 9728,www.cbic.hk,info@cbic.hk,https://www.ia.org.hk/tc/supervision/reg_insurers_lloyd/files/736500.pdf,
F3018,中国人寿保险(海外)股份有限公司<br>(中國人壽保險(海外)股份有限公司),中國,長期,香港灣仔軒尼詩道313號中國人壽大廈<br>22字樓,2545 8111,2575 0338,www.chinalife.com.hk,info@chinalife.com.hk,https://www.ia.org.hk/tc/supervision/reg_insurers_lloyd/files/F3018.pdf,
175095,招商局保險有限公司,中國香港,一般,香港黃竹坑道8號South Island Place 23樓2303-04室,2890 5940,2576 2292,www.cm-insurance.com,cmi@cmhk.com,https://www.ia.org.hk/tc/supervision/reg_insurers_lloyd/files/175095.pdf,
774409,中國海外保險有限公司,中國香港,一般,香港灣仔軒尼詩道一三九號中國海外大廈<br>二十九樓,2823 7338,2865 7545,---,coil@cohl.com<br>rng@cohl.com,https://www.ia.org.hk/tc/supervision/reg_insurers_lloyd/files/774409.pdf,
48666,中國太平洋保險(香港)有限公司,中國香港,一般,香港灣仔港灣道18號中環廣場43樓01室,2541 4338,2541 4332,www.cpic.com.hk,enquiry@cpic.com.hk,https://www.ia.org.hk/tc/supervision/reg_insurers_lloyd/files/48666.pdf,
48946,中國平安保險(香港)有限公司,中國香港,一般,香港灣仔告士打道138號聯合鹿島大廈17樓,2827 1883,2802 0018,www.pingan.com.hk,info@cpaihk.com,https://www.ia.org.hk/tc/supervision/reg_insurers_lloyd/files/48946.pdf,
2456575,中國再保險(香港)股份有限公司,中國香港,長期 (R),香港灣仔港灣道30號新鴻基中心1618室,2252 9188,2252 9199,www.chinare.com.cn/hk,enquiry@chinare.com.hk,https://www.ia.org.hk/tc/supervision/reg_insurers_lloyd/files/2456575.pdf,
2908,中國太平保險(香港)有限公司,中國香港,一般,香港北角京華道18號15樓,2815 1551,2541 6567,www.hk.cntaiping.com,info@hk.cntaiping.com,https://www.ia.org.hk/tc/supervision/reg_insurers_lloyd/files/2908.pdf,
2261157,中國太平人壽保險(香港)有限公司,中國香港,長期,香港北角京華道18號9樓,2853 6333,2853 6323,http://tplhk.cntaiping.com,tplhk@tplhk.cntaiping.com,https://www.ia.org.hk/tc/supervision/reg_insurers_lloyd/files/2261157.pdf,
6012,創興保險有限公司,中國香港,一般,九龍九龍灣宏照道38號<br>企業廣場5期二座辦公大樓L25,3768 9288,3768 9292,www.chins.com.hk,hq@chins.com.hk,https://www.ia.org.hk/tc/supervision/reg_insurers_lloyd/files/6012.pdf,
557477,安達保險香港有限公司,中國香港,一般,香港鰂魚涌英皇道979號太古坊一座39樓,3191 6800,2560 3565,www.chubb.com/hk,Inquiries.HK@chubb.com,https://www.ia.org.hk/tc/supervision/reg_insurers_lloyd/files/557477.pdf,
F1683,安達人壽保險有限公司,百慕達,長期,香港銅鑼灣告士打道311號皇室大廈<br>安達人壽大樓33樓,2881 0688,2577 0866,http://life.chubb.com/hk,Enquiries.HKLife@chubb.com,https://www.ia.org.hk/tc/supervision/reg_insurers_lloyd/files/F1683.pdf,
984047,信諾環球保險有限公司,中國香港,一般,香港九龍觀塘觀塘道348號16樓,2539 9222,2886 3722,www.cigna.com.hk,enquiryhk@cigna.com,https://www.ia.org.hk/tc/supervision/reg_insurers_lloyd/files/984047.pdf,
984046,信諾環球人壽保險有限公司,中國香港,長期,香港九龍觀塘觀塘道348號16樓,2539 9222,2886 3722,www.cigna.com.hk,enquiryhk@cigna.com,https://www.ia.org.hk/tc/supervision/reg_insurers_lloyd/files/984046.pdf,
95347,招商永隆保險有限公司,中國香港,一般,香港中環德輔道中45號招商永隆銀行大廈10樓,2826 8259,2526 7045,www.cmbwinglunginsurance.com,enquiry@cmbwinglunginsurance.com,https://www.ia.org.hk/tc/supervision/reg_insurers_lloyd/files/95347.pdf,
728479,中海石油保險有限公司,中國香港,一般 (C),香港北角電氣道148號38字樓1-3A室,2164 4806,2164 4878,---,cnoocins@cnoocins.com.hk,https://www.ia.org.hk/tc/supervision/reg_insurers_lloyd/files/728479.pdf,
F9351,Compagnie Française d'Assurance pour le Commerce Extérieur,法國,一般,香港北角電氣道169號理文商業中心29樓,2585 9188,2585 9100,www.coface.com.hk,coface.hk@coface.com,https://www.ia.org.hk/tc/supervision/reg_insurers_lloyd/files/F9351.pdf,
47515,合羣保險有限公司,中國香港,一般,香港中環砵甸乍街37-43號嘉寶商業大廈22樓,2543 4893,2815 3630,www.concordinsurance.com.hk,concord@concordinsurance.com.hk,https://www.ia.org.hk/tc/supervision/reg_insurers_lloyd/files/47515.pdf,
48959,大新保險(1976)有限公司,中國香港,一般,香港北角英皇道510號港運大廈20樓,2808 5000,2598 8008,www.dahsinginsurance.com,dsi@dahsing.com,https://www.ia.org.hk/tc/supervision/reg_insurers_lloyd/files/48959.pdf,
F2940,Desjardins Sécurité Financière, Compagnie d'Assurance Vie (Desjardins Financial Security Life Assurance Company),加拿大,長期,香港灣仔港灣道6-8號瑞安中心21樓2109-11室,2851 0851,2851 0078,www.desjardinsfinancialsecurity.com,---,https://www.ia.org.hk/tc/supervision/reg_insurers_lloyd/files/F2940.pdf
66585,East Point Reinsurance Company of Hong Kong Limited,中國香港,一般 (R),香港中環遮打道18號歷山大廈6樓,2825 9211,2810 0431,---,enquiries.au@enstargroup.com,https://www.ia.org.hk/tc/supervision/reg_insurers_lloyd/files/66585.pdf,
F20088,EULER HERMES,比利時,一般,香港太古灣道12號4樓403-11室,3665 8901,2869 8655,www.eulerhermes.com,ASD_HongKong@eulerhermes.com,https://www.ia.org.hk/tc/supervision/reg_insurers_lloyd/files/F20088.pdf,
F19665,Factory Mutual Insurance Company,美國,一般,香港九龍旺角太子道西193號<br>新世紀廣場第1座16樓1601室,2622 6588,2622 6500,www.fmglobal.com,Benjamin.lin@fmglobal.com,https://www.ia.org.hk/tc/supervision/reg_insurers_lloyd/files/F19665.pdf,
51309,FAI First Pacific Insurance Company Limited<br>(在臨時清盤中),中國香港,一般,---,---,---,---,---,https://www.ia.org.hk/tc/supervision/reg_insurers_lloyd/files/51309.pdf,
55894,富勤保險(香港)有限公司,中國香港,一般,香港太古城太古灣道12號<br>太古城中心第四期3樓7-11室,2232 2888,2232 2899,www.falconinsurance.com.hk,info@falconinsurance.com.hk,https://www.ia.org.hk/tc/supervision/reg_insurers_lloyd/files/55894.pdf,
F10871,第一美國業權保險公司,美國,一般,香港中環雲咸街19-27號威信大廈8樓<br>805室,2523 1028,2781 4222,www.firstam.com.hk,info@firstam.com.hk,https://www.ia.org.hk/tc/supervision/reg_insurers_lloyd/files/F10871.pdf,
F2132,英國友誠國際有限公司,馬恩島,長期,香港九龍灣宏遠街1號一號九龍803室,3550 6188,2868 4983,www.fpinternational.com.hk,servicing@fpihk.com,https://www.ia.org.hk/tc/supervision/reg_insurers_lloyd/files/F2132.pdf,
F3394,富通保險有限公司,百慕達,長期,香港干諾道中111號永安中心28樓,2591 8888,2838 5303,www.ftlife.com.hk,ftlhk.mkt@ftlife.com.hk,https://www.ia.org.hk/tc/supervision/reg_insurers_lloyd/files/F3394.pdf,
2264119,富邦人壽保險(香港)有限公司,中國香港,長期,香港太古城太古灣道12號3樓301-303室,2516 0111,2516 0199,www.fubonlife.com.hk,csservice.hk.life@fubon.com,https://www.ia.org.hk/tc/supervision/reg_insurers_lloyd/files/2264119.pdf,
982131,富衛保險有限公司,中國香港,一般,香港德輔道中308號富衛金融中心9樓,2850 3030,2850 3031,www.fwd.com.hk,gi.enquiry.hk@fwd.com,https://www.ia.org.hk/tc/supervision/reg_insurers_lloyd/files/982131.pdf,
F3114,富衛人壽保險(百慕達)有限公司,百慕達,長期,香港中環德輔道中308號富衛金融中心28樓,2850 2333,2850 3999,www.fwd.com.hk,cs.hk@fwd.com,https://www.ia.org.hk/tc/supervision/reg_insurers_lloyd/files/F3114.pdf,
F5720,GAN Assurances,法國,一般,香港灣仔軒尼詩道289-295號朱鈞記商業中心20樓,2530 0288,2877 4281,www.groupama.com.hk,general.info@groupama.com.hk,https://www.ia.org.hk/tc/supervision/reg_insurers_lloyd/files/F5720.pdf,
F15575,Gard Marine & Energy Limited,百慕達,一般,香港中環雲咸街六十號中央廣場三十樓三OO三B室,2901 8688,2869 1645,www.gard.no,limy.leung@gard.no<br>marie.tam@gard.no<br>mark.russell@gard.no,https://www.ia.org.hk/tc/supervision/reg_insurers_lloyd/files/F15575.pdf,
F3960,General Reinsurance AG,德國,綜合 (R),香港灣仔港灣道18號中環廣場68樓6802-3室,2598 2388,2598 2390,www.genre.com,orchis.li@genre.com,https://www.ia.org.hk/tc/supervision/reg_insurers_lloyd/files/F3960.pdf,
2300485,忠意人壽(香港)有限公司,中國香港,長期,香港太古城英皇道1111號太古城中心一期21樓,2521 0707,2521 8018,www.generali.com.hk,info@generali.com.hk,https://www.ia.org.hk/tc/supervision/reg_insurers_lloyd/files/2300485.pdf,
11095,恒生保險有限公司,中國香港,綜合,香港旺角亞皆老街113號恒生113 28樓,2288 6699,3409 1284,www.hangseng.com,---,https://www.ia.org.hk/tc/supervision/reg_insurers_lloyd/files/11095.pdf,
37216,恒生人壽保險有限公司,中國香港,長期,香港中環德輔道中83號,2288 6699,---,www.hangseng.com,---,https://www.ia.org.hk/tc/supervision/reg_insurers_lloyd/files/37216.pdf,
F9527,Hannover Rück SE,德國,綜合 (R),香港灣仔港灣道30號新鴻基中心20樓<br>2008室,2519 3208,2588 1136,www.hannover-re.com,general@hannover-re.com.hk,https://www.ia.org.hk/tc/supervision/reg_insurers_lloyd/files/F9527.pdf,
F15256,HDI Global SE,德國,一般,香港灣仔港灣道18號中環廣場5202室,2598 8338,2898 8838,www.hdi.global/de/en,---,https://www.ia.org.hk/tc/supervision/reg_insurers_lloyd/files/F15256.pdf,
66984,安興保險有限公司<br>(在臨時清盤中),中國香港,一般,---,---,---,---,---,https://www.ia.org.hk/tc/supervision/reg_insurers_lloyd/files/66984.pdf,
2797,澳洲興業保險有限公司<br>(在臨時清盤中),中國香港,一般,---,---,---,---,---,https://www.ia.org.hk/tc/supervision/reg_insurers_lloyd/files/2797.pdf,
2550660,香港年金有限公司,中國香港,長期,香港皇后大道中183號新紀元廣場中遠大廈(高座)34樓,2929 0188,2929 0100,---,cs@hkmca.hk,https://www.ia.org.hk/tc/supervision/reg_insurers_lloyd/files/2550660.pdf,
2550659,香港按證保險有限公司,中國香港,一般,香港皇后大道中183號新紀元廣場中遠大廈(高座)34樓,2536 0085,2536 0480,www.hkmc.com.hk,mip_enquiry@hkmci.hk<br>rm_enquiry@hkmci.hk<br>plis_enquiry@hkmci.hk<br>sfgs_enquiry@hkmci.hk,https://www.ia.org.hk/tc/supervision/reg_insurers_lloyd/files/2550659.pdf,
708790,香港人壽保險有限公司,中國香港,長期,香港皇后大道中183號中遠大廈15樓,2290 2888,2530 5682,www.hklife.com.hk,info@hklife.com.hk,https://www.ia.org.hk/tc/supervision/reg_insurers_lloyd/files/708790.pdf,
32621,豐隆保險(亞洲)有限公司,中國香港,一般,香港北角英皇道510號港運大廈8樓807-10室,2230 9900,2868 0129,www.hl-insurance.com,general@hl-insurance.com,https://www.ia.org.hk/tc/supervision/reg_insurers_lloyd/files/32621.pdf,
51759,滙豐保險(亞洲)有限公司,中國香港,綜合,香港九龍深旺道一號滙豐中心一座十八樓,2288 6688,3409 1155,www.insurance.asiapacific.hsbc.com,---,https://www.ia.org.hk/tc/supervision/reg_insurers_lloyd/files/51759.pdf,
F2521,HSBC Life (International) Limited,百慕達,長期,香港九龍深旺道一號滙豐中心一座十八樓,2288 6622,3409 1166,www.hsbc.com.hk,---,https://www.ia.org.hk/tc/supervision/reg_insurers_lloyd/files/F2521.pdf,
35496,利寶國際保險有限公司,中國香港,綜合,香港鰂魚涌華蘭路25號栢克大厦13樓,2892 3888,2803 5011,www.libertyinsurance.com.hk,admin@libertymutual.com.hk,https://www.ia.org.hk/tc/supervision/reg_insurers_lloyd/files/35496.pdf,
2400200,Liberty Specialty Markets Hong Kong Limited,中國香港,一般,香港英皇道1111號太古城中心1期24樓2401-04室,3655 2600,3655 2699,www.libertyspecialtymarkets.com.hk,eddie.young@libertyglobalgroup.com<br>hongkong@libertyglobalgroup.com,https://www.ia.org.hk/tc/supervision/reg_insurers_lloyd/files/2400200.pdf,
A31,Lloyd's,英國,綜合,香港銅鑼灣新寧道1號利園三期5樓529室,2918 9911,2918 9918,www.lloyds.com,Thomas.Haddrill@lloyds.com<br>iris.cheung@lloyds.com,https://www.ia.org.hk/tc/supervision/reg_insurers_lloyd/files/A31.pdf,
F3005,London Steam-Ship Owners' Mutual Insurance Association Limited - The,英國,一般,香港灣仔愛群道32號愛群商業大廈1802室,3761 5678,2838 2001,www.lsso.com,hongkong@londonpandi.com,https://www.ia.org.hk/tc/supervision/reg_insurers_lloyd/files/F3005.pdf,
F30,Manufacturers Life Insurance Company - The,加拿大,長期,九龍觀塘偉業街223-231號宏利金融中心22樓,2510 5600,2510 0246,www.manulife.com.hk,service_hk@manulife.com,https://www.ia.org.hk/tc/supervision/reg_insurers_lloyd/files/F30.pdf,
F3218,宏利人壽保險(國際)有限公司,百慕達,長期,九龍觀塘偉業街223-231號宏利金融中心22樓,2510 5600,2510 0246,www.manulife.com.hk,service_hk@manulife.com,https://www.ia.org.hk/tc/supervision/reg_insurers_lloyd/files/F3218.pdf,
F3850,Massachusetts Mutual Life Insurance Company,美國,長期,---,(1) 800- 767-1000,(1) 413- 744-6114 <br> (1) 413- 744-6279,www.massmutual.com,webmaster@massmutual.com,https://www.ia.org.hk/tc/supervision/reg_insurers_lloyd/files/F3850.pdf,
F2952,Münchener Rückversicherungs-Gesellschaft (Munich Reinsurance Company),德國,綜合 (R),香港中環紅棉路八號東昌大廈十一樓,2536 6900,2810 6544,www.munichre.com,hongkong@munichre.com,https://www.ia.org.hk/tc/supervision/reg_insurers_lloyd/files/F2952.pdf,
763696,大都會人壽保險有限公司,中國香港,長期,香港九龍紅磡德豐街18號海濱廣場一座21樓2101,2104-11室,2199 1000,3409 8609,www.metlife.com.hk,customerservices@metlife.com.hk,https://www.ia.org.hk/tc/supervision/reg_insurers_lloyd/files/763696.pdf
60528,美商大都會人壽保險香港有限公司,中國香港,長期,香港九龍紅磡德豐街18號海濱廣場一座21樓2101,2104-11室,2199 1000,3409 8609,www.metlife.com.hk,customerservices@metlife.com.hk,https://www.ia.org.hk/tc/supervision/reg_insurers_lloyd/files/60528.pdf
37517,閩信保險有限公司,中國香港,一般,香港中環紅棉路8路東昌大廈17樓,2521 5671,2526 7364,www.mxic.com.hk,mxic@mxic.com.hk,https://www.ia.org.hk/tc/supervision/reg_insurers_lloyd/files/37517.pdf,
921399,三井住友海上火災保險(香港)有限公司,中國香港,一般,香港太古城英皇道1111號太古城中心<br>第一期9樓,3122 6822,2969 4600,www.msig.com.hk,hk_hotline@hk.msig-asia.com,https://www.ia.org.hk/tc/supervision/reg_insurers_lloyd/files/921399.pdf,
F349,New India Assurance Company, Limited - The,印度,一般,香港中環雲咸街15-17號萬祥大廈六樓,2522 4195,2845 2133,www.newindiahk.com,info@newindiahk.com,https://www.ia.org.hk/tc/supervision/reg_insurers_lloyd/files/F349.pdf
F3345,Old Mutual International Isle of Man Limited,馬恩島,長期,香港銅鑼灣希慎道33號利園一期37樓3704室,3552 5888,3552 5889,www.oldmutualinternational.com/hk,askhk@ominternational.com,https://www.ia.org.hk/tc/supervision/reg_insurers_lloyd/files/F3345.pdf,
F6648,Old Mutual Life Assurance Company (South Africa) Limited,南非,長期,香港銅鑼灣希慎道33號利園一期37樓3704室,3552 5902,2530 0023,www.oldmutual.com,contact@omhk.com.hk,https://www.ia.org.hk/tc/supervision/reg_insurers_lloyd/files/F6648.pdf,
6084,太平洋保險有限公司,中國香港,一般,香港灣仔皇后大道東43-59號東美中心<br>10字樓,2876 0000,2876 0111,www.pacificinsurance.com.hk,pichk@pacificgroup.com.hk,https://www.ia.org.hk/tc/supervision/reg_insurers_lloyd/files/6084.pdf,
5909,太平洋人壽保險有限公司,中國香港,長期,香港灣仔皇后大道東43-59號東美中心<br>10樓,2876 0880,2876 0678,www.pacificlife.com.hk,plahk@pacificgroup.com.hk,https://www.ia.org.hk/tc/supervision/reg_insurers_lloyd/files/5909.pdf,
2866,寶豐保險(香港)有限公司,中國香港,一般,香港九龍觀塘巧明街100號 Two Landmark East 28樓,2290 3580,2626 0704,---,sammy.wong@shacombank.com.hk,https://www.ia.org.hk/tc/supervision/reg_insurers_lloyd/files/2866.pdf,
F18305,Partner Reinsurance Europe SE,愛爾蘭<br>共和國,綜合 (R),香港灣仔港灣道30號新鴻基中心3837室,2598 8813,2598 0886,www.partnerre.com,carman.pang@partnerre.com,https://www.ia.org.hk/tc/supervision/reg_insurers_lloyd/files/F18305.pdf,
1531647,鼎睿再保險有限公司,中國香港,綜合 (R),香港中環花園道3號中國工商銀行大廈<br>2107-11室,3509 6666,3509 6668,www.peak-re.com,info@peak-re.com,https://www.ia.org.hk/tc/supervision/reg_insurers_lloyd/files/1531647.pdf,
22811,中國人民保險(香港)有限公司,中國香港,一般,香港干諾道中148號粤海投資大廈15字樓,2979 2000,2540 6260,www.picchk.com,enquiry@picchk.com,https://www.ia.org.hk/tc/supervision/reg_insurers_lloyd/files/22811.pdf,
F14409,Phoenix Life Limited,英國,長期,香港中環康樂廣場一號怡和大廈四十六樓四六零三至四六零九室,2901 7329,2845 2125,www.phoenixlife.co.uk,leo.nuttall@thephoenixgroup.com,https://www.ia.org.hk/tc/supervision/reg_insurers_lloyd/files/F14409.pdf,
F772,信孚保險有限公司,菲律賓,一般,香港上環干諾道中二百號信德中心西座2701室,2559 4011,2858 1640,www.pioneer.com.ph,info@pioneerinsurance.com.hk,https://www.ia.org.hk/tc/supervision/reg_insurers_lloyd/files/F772.pdf,
557462,美國信安保險有限公司,中國香港,長期,香港九龍觀塘道392號<br>創紀之城6期30樓,2263 0263,2827 1867,www.principal.com.hk,hkinfo@exchange.principal.com,https://www.ia.org.hk/tc/supervision/reg_insurers_lloyd/files/557462.pdf,
1277947,保誠財險有限公司,中國香港,一般,香港鰂魚涌華蘭路25號柏克大廈(即前大昌行商業中心)3樓,2977 3888,2877 6994,www.prudential.com.hk,service@prudential.com.hk,https://www.ia.org.hk/tc/supervision/reg_insurers_lloyd/files/1277947.pdf,
1237941,保誠保險有限公司,中國香港,長期,香港鰂魚涌華蘭路18號港島東中心59樓,2977 3888,2877 6994,www.prudential.com.hk,service@prudential.com.hk,https://www.ia.org.hk/tc/supervision/reg_insurers_lloyd/files/1237941.pdf,
F1384,Prudential Insurance Company of America - The,美國,長期,香港中環皇后大道中99號中環中心66樓,(852) 3769 8200,(852) 2801 6355,www.prudential.com,fion.wong@pramerica.com,https://www.ia.org.hk/tc/supervision/reg_insurers_lloyd/files/F1384.pdf,
36108,昆士蘭保險(香港)有限公司,中國香港,一般,香港鰂魚涌英皇道979號太古坊濠豐大廈33樓,2828 3188,3607 0386,www.qbe.com/hk,info.gihk@qbe.com,https://www.ia.org.hk/tc/supervision/reg_insurers_lloyd/files/36108.pdf,
11788,昆士蘭聯保保險有限公司,中國香港,一般,香港鰂魚涌英皇道979號太古坊濠豐大廈33樓,2877 8488,3607 0300,www.qbe.com/hk,info.hk@qbe.com.hk,https://www.ia.org.hk/tc/supervision/reg_insurers_lloyd/files/11788.pdf,
968560,昆士蘭按揭保險(亞洲)有限公司,中國香港,一般,香港鰂魚涌英皇道979號太古坊濠豐大廈33樓,2253 3518,2295 0047,www.qbemiasia.com,asia@qbemiasia.com,https://www.ia.org.hk/tc/supervision/reg_insurers_lloyd/files/968560.pdf,
F6982,RGA Reinsurance Company,美國,長期 (R),香港港島東英皇道979號太古坊多盛大廈29樓,2511 8688,2511 8827,www.rgare.com,enquiry@hk.rgare.com,https://www.ia.org.hk/tc/supervision/reg_insurers_lloyd/files/F6982.pdf,
F9136,RL360 Insurance Company Limited,馬恩島,長期,香港上環德輔道中181號大新行1403室,3929 4333,2169 0181,www.rl360.com,hongkong@rl360.com,https://www.ia.org.hk/tc/supervision/reg_insurers_lloyd/files/F9136.pdf,
F4732,RL360 Life Insurance Company Limited,馬恩島,長期,香港上環德輔道中181號大新行1403室,3929 4333,2169 0181,www.rl360services.com,RL360ServicesHongKong@rl360.com,https://www.ia.org.hk/tc/supervision/reg_insurers_lloyd/files/F4732.pdf,
F7322,Schweizerische Rückversicherungs-Gesellschaft AG (Swiss Reinsurance Company Ltd),瑞士,綜合 (R),香港灣仔港灣道18號中環廣場61樓,2827 4345,2827 6033,www.swissre.com,asia@swissre.com,https://www.ia.org.hk/tc/supervision/reg_insurers_lloyd/files/F7322.pdf,
153640,法國再保險(亞洲)有限公司,中國香港,綜合 (R),香港中環添美道1號中信大廈8樓803-10室,2102 8600,2865 3413,www.scor.com,hk@scor.com,https://www.ia.org.hk/tc/supervision/reg_insurers_lloyd/files/153640.pdf,
F8051,Scottish Widows Limited,英國,長期,香港灣仔告士打道128號祥豐大廈6樓F室,2956 1288,2956 2302,---,ClericalMedicalHongKong@scottishwidows.co.uk,https://www.ia.org.hk/tc/supervision/reg_insurers_lloyd/files/F8051.pdf,
2757487,上海電氣保險有限公司,中國香港,一般 (C),香港金鐘道89號力寶中心第一座4102室,2525 3830,2525 6930,---,Jiangliang2@shanghai-electric.com,https://www.ia.org.hk/tc/supervision/reg_insurers_lloyd/files/2757487.pdf,
F12456,Shipowners' Mutual Protection and Indemnity Association (Luxembourg) - The,盧森堡,一般,香港金鐘金鐘道89號力寶中心2座1612室,(852) 2522 2118,(852) 2522 0977,www.shipownersclub.com,Andrew.law@shipownersclub.com,https://www.ia.org.hk/tc/supervision/reg_insurers_lloyd/files/F12456.pdf,
168,先施保險置業有限公司,中國香港,一般,香港銅鑼灣禮頓道77號禮頓中心<br>24樓,2577 7832,2895 1439,---,info@sincere-insurance.com.hk,https://www.ia.org.hk/tc/supervision/reg_insurers_lloyd/files/168.pdf,
460,先施人壽保險有限公司,中國香港,長期,香港銅鑼灣禮頓道77號禮頓中心24樓,2577 7832,2895 1439,---,info@sincere-insurance.com.hk,https://www.ia.org.hk/tc/supervision/reg_insurers_lloyd/files/460.pdf,
1980905,中石化保險有限公司,中國香港,一般 (C),香港灣仔港灣道1號會展廣場辦公樓20層,2863 3088,2339 2333,---,insurance.csil@sinopec.com,https://www.ia.org.hk/tc/supervision/reg_insurers_lloyd/files/1980905.pdf,
52320,日本財產保險(香港)有限公司,中國香港,一般,香港鰂魚涌英皇道979號太古坊<br>林肯大廈19樓,2831 9980,2573 2072,www.sompo.com.hk,enquiries@sompo.com.hk,https://www.ia.org.hk/tc/supervision/reg_insurers_lloyd/files/52320.pdf,
F624,Sompo Japan Nipponkoa Insurance Inc.,日本,一般,香港鰂魚涌英皇道九七九號太古坊林肯大廈十九樓,2827 1268,2827 1632,www.sjnk.co.jp/english/,sjnkre@sjnkre.com.hk,https://www.ia.org.hk/tc/supervision/reg_insurers_lloyd/files/F624.pdf,
164858,Sompo Japan Nipponkoa Reinsurance Company Limited,中國香港,一般 (R),香港鰂魚涌英皇道九七九號太古坊林肯大廈十九樓,2827 1268,2827 1632,---,sjnkre@sjnkre.com.hk,https://www.ia.org.hk/tc/supervision/reg_insurers_lloyd/files/164858.pdf,
2207694,St. James's Place International (Hong Kong) Limited,中國香港,長期,中環皇后大道中5號衡怡大廈201室,2824 1083,---,www.sjp.asia,ihkcs@sjp.asia,https://www.ia.org.hk/tc/supervision/reg_insurers_lloyd/files/2207694.pdf,
F24636,Standard Club Asia Ltd. - The,新加坡,一般,香港灣仔軒尼詩道302-308號集成中心7樓710室,2399 6120,2399 6126,http://www.standard-club.com/,pandi.hongkong@ctplc.com,https://www.ia.org.hk/tc/supervision/reg_insurers_lloyd/files/F24636.pdf,
662679,標準人壽保險(亞洲)有限公司,中國香港,長期,香港鰂魚涌英皇道979號太古坊林肯大廈12樓,2169 0700,2169 0220,www.standardlife.hk,cs@standardlife.hk,https://www.ia.org.hk/tc/supervision/reg_insurers_lloyd/files/662679.pdf,
1374538,Starr International Insurance (Asia) Limited,中國香港,一般,香港灣仔港灣道18號中環廣場19樓1901室,3765 5333,3765 5501,Starrcompanies.com,HKCustEnquiry@starrcompanies.com,https://www.ia.org.hk/tc/supervision/reg_insurers_lloyd/files/1374538.pdf,
F22771,Steamship Mutual Underwriting Association Limited,英國,一般,香港灣仔分域街18號捷利中心1901室,2838 2722,2838 2009,www.steamshipmutual.com,rohan.bray@simsl.com,https://www.ia.org.hk/tc/supervision/reg_insurers_lloyd/files/F22771.pdf,
68102,新鴻基地產保險有限公司,中國香港,一般,香港港灣道30號新鴻基中心2305-16室,2827 8111,2827 0622,www.shkpi.com.hk,shkpi@shkp.com,https://www.ia.org.hk/tc/supervision/reg_insurers_lloyd/files/68102.pdf,
F3725,香港永明金融有限公司,百慕達,長期,香港九龍紅磡紅鸞道18號祥祺中心A座16樓,2103 8888,2103 8997,www.sunlife.com.hk,---,https://www.ia.org.hk/tc/supervision/reg_insurers_lloyd/files/F3725.pdf,
F24946,Swiss Re Asia Pte. Ltd.,新加坡,綜合 (R),香港灣仔港灣道18號中環廣場61樓,2827 4345,2827 6033,www.swissre.com,SwissReAsia_DN@swissre.com,https://www.ia.org.hk/tc/supervision/reg_insurers_lloyd/files/F24946.pdf,
F21870,Swiss Re International SE,盧森堡,一般,香港灣仔港灣道18號中環廣場60樓6006室,3605 8800,3605 8802,www.swissre.com/corporatesolutions,Jingwei_jia@swissre.com,https://www.ia.org.hk/tc/supervision/reg_insurers_lloyd/files/F21870.pdf,
F4635,泰禾人壽保險有限公司,百慕達,長期,香港太古城英皇道1111號太古城中心一座15樓,3767 8777,2907 8923,www.tahoelife.com.hk,cs@tahoelife.com.hk,https://www.ia.org.hk/tc/supervision/reg_insurers_lloyd/files/F4635.pdf,
86424,太平再保險有限公司,中國香港,綜合 (R),香港北角京華道18號17樓,2865 3838,2544 9633,www.tpre.cntaiping.com,mail@tpre.cntaiping.com,https://www.ia.org.hk/tc/supervision/reg_insurers_lloyd/files/86424.pdf,
55000,泰加保險有限公司,中國香港,一般,香港中環皇后大道中181號新紀元廣場低座5樓,2395 4111,2789 1539,www.6161.com.hk,target@6161.com.hk,https://www.ia.org.hk/tc/supervision/reg_insurers_lloyd/files/55000.pdf,
F2472,Toa Reinsurance Company, Limited - The,日本,一般 (R),香港金鐘夏慤道18號海富中心第一期八樓八○一室,2865 7581,2865 2252,www.toare.co.jp,GeneralAffairs@hkg.toare.co.jp,https://www.ia.org.hk/tc/supervision/reg_insurers_lloyd/files/F2472.pdf
32991,東京海上火災保險(香港)有限公司,中國香港,一般,香港金鐘道九十五號統一中心廿七樓,2529 4401,2529 2509,www.tokiomarine.com.hk,enquiry@tokiomarine.com.hk,https://www.ia.org.hk/tc/supervision/reg_insurers_lloyd/files/32991.pdf,
F14411,Transamerica Life (Bermuda) Ltd.,百慕達,長期,香港港島東華蘭路18號港島東中心58樓,2506 0311,2506 1455,www.transamericalifebermuda.com,customerservicehk@transamerica.com,https://www.ia.org.hk/tc/supervision/reg_insurers_lloyd/files/F14411.pdf,
F2544,Transatlantic Reinsurance Company,美國,一般 (R),香港銅鑼灣軒尼詩道500號希慎廣場30樓3001室,2574 0231,2834 5670,www.transre.com,---,https://www.ia.org.hk/tc/supervision/reg_insurers_lloyd/files/F2544.pdf,
55506,三聯保險有限公司,中國香港,一般,香港干諾道西186-191號香港商業中心<br>10樓1001室,3413 0988,2559 7892,www.tgi.com.hk,tgi@tgi.com.hk,https://www.ia.org.hk/tc/supervision/reg_insurers_lloyd/files/55506.pdf,
F6935,TT Club Mutual Insurance Limited,英國,一般,香港銅鑼灣告士打道255-257號信和廣場1201-1204室,2832 9301,2574 5062,www.ttclub.com,---,https://www.ia.org.hk/tc/supervision/reg_insurers_lloyd/files/F6935.pdf,
12232,德高保險有限公司,中國香港,一般,香港灣仔駱克道333號中國網路中心28樓,2824 2939,2824 3070,www.tuguhk.com,info@tuguhk.com,https://www.ia.org.hk/tc/supervision/reg_insurers_lloyd/files/12232.pdf,
4671,建安保險有限公司,中國香港,一般,香港灣仔告士打道66號筆克大廈十四樓B室,2528 3661,2865 3157,---,info@ub-insurance.com.hk,https://www.ia.org.hk/tc/supervision/reg_insurers_lloyd/files/4671.pdf,
F19312,United Kingdom Mutual Steam Ship Assurance Association (Europe) Limited - The,英國,一般,香港銅鑼灣告士打道255-257號信和廣場1201-1204室,2832 9301,2574 9954,www.ukpandi.com,hongkong.ukclub@thomasmiller.com,https://www.ia.org.hk/tc/supervision/reg_insurers_lloyd/files/F19312.pdf,
F2858,Utmost Worldwide Limited,格恩西,長期,香港灣仔港灣道二十三號鷹君中心24樓2402B室,2526 1899,2537 2587,www.utmostworldwide.com,HKGeneralEnquiries@utmostworldwide.com,https://www.ia.org.hk/tc/supervision/reg_insurers_lloyd/files/F2858.pdf,
1381337,立橋保險有限公司,中國香港,一般,香港太古城英皇道1111號太古城中心一座<br>24樓2414-2416室,2884 8898,2884 8896,www.wli.com.hk,info@wli.com.hk,https://www.ia.org.hk/tc/supervision/reg_insurers_lloyd/files/1381337.pdf,
2463144,立橋人壽保險有限公司,中國香港,長期,香港太古城英皇道1111號太古城中心一座16樓1601-1607室,2830 7633,2830 7533,www.wli.com.hk,lifeservice@wli.com.hk,https://www.ia.org.hk/tc/supervision/reg_insurers_lloyd/files/2463144.pdf,
F2596,West of England Ship Owners Mutual Insurance Association (Luxembourg) - The,盧森堡,一般,香港灣仔告士打道38號中國恆大中心<br>1302室,2529 5724,2529 9091,www.westpandi.com,patrick.fung@westpandi.com,https://www.ia.org.hk/tc/supervision/reg_insurers_lloyd/files/F2596.pdf,
F8778,XL Insurance Company SE,愛爾蘭共和國,一般,香港黃竹坑道38號安盛匯20樓,2820 5888,2877 8138,www.axaxl.com,OCI@axaxl.com,https://www.ia.org.hk/tc/supervision/reg_insurers_lloyd/files/F8778.pdf,
43415,萬通保險國際有限公司,中國香港,長期,香港灣仔駱克道33號萬通保險大廈27樓,2533 5500,2576 6756,www.yflife.com,enquiry@yflife.com,https://www.ia.org.hk/tc/supervision/reg_insurers_lloyd/files/43415.pdf,
F1435,Zürich Lebensversicherungs-Gesellschaft AG (Zurich Life Insurance Company Ltd),瑞士,長期,香港港島東華蘭路18號港島東中心25-26樓,2535 3500,2967 1384,www.zurich.com.hk,service@hk.zurich.com,https://www.ia.org.hk/tc/supervision/reg_insurers_lloyd/files/F1435.pdf,
F2088,Zürich Versicherungs-Gesellschaft AG (Zurich Insurance Company Ltd),瑞士,一般,香港港島東華蘭路18號港島東中心25-26樓,2968 2222,2968 0988,www.zurich.com.hk,enquiry@hk.zurich.com,https://www.ia.org.hk/tc/supervision/reg_insurers_lloyd/files/F2088.pdf,
F4689,Zurich Assurance Ltd,英國,長期,香港港島東華蘭路18號港島東中心25-26樓,2535 3500,2967 1384,www.zurich.com.hk,service@hk.zurich.com,https://www.ia.org.hk/tc/supervision/reg_insurers_lloyd/files/F4689.pdf,
100433,Zurich General Insurance (Hong Kong) Limited,中國香港,一般,香港港島東華蘭路18號港島東中心25-26樓,2968 2222,2968 0988,www.zurich.com.hk,enquiry@hk.zurich.com,https://www.ia.org.hk/tc/supervision/reg_insurers_lloyd/files/100433.pdf,
F3667,Zurich International Life Limited,馬恩島,長期,香港港島東華蘭路18號港島東中心25-26樓,3405 7150,3405 7268,www.zurich.com.hk,helppoint.hk@zurich.com,https://www.ia.org.hk/tc/supervision/reg_insurers_lloyd/files/F3667.pdf,
